{
  "modelo": "pymc_binomial_jerarquico",
  "timestamp": "2026-04-18T03:06:13+00:00",
  "snapshot_panel": "district_panel.csv",
  "n_distritos_usados": 1871,
  "votos_contados_Sanchez": 1876208,
  "votos_contados_LA": 1821277,
  "votos_pendientes_estimados": 913822,
  "votos_pend_normal": 0,
  "votos_pend_jee": 913822,
  "jee_por_departamento": {
    "LIMA": 1407,
    "PIURA": 428,
    "LORETO": 416,
    "LA LIBERTAD": 382,
    "ÁNCASH": 257,
    "CAJAMARCA": 240,
    "ICA": 228,
    "HUÁNUCO": 212,
    "UCAYALI": 184,
    "JUNÍN": 171
  },
  "prediccion": {
    "Sanchez": {
      "candidato": "Sanchez",
      "media": 1995922.278,
      "mediana": 1995711.0,
      "ci_low": 1966965.3,
      "ci_high": 2028336.3
    },
    "LA": {
      "candidato": "LA",
      "media": 1916956.205,
      "mediana": 1916210.5,
      "ci_low": 1890413.175,
      "ci_high": 1947873.875
    },
    "diferencia_Sanchez_minus_LA": {
      "mediana": 79037.0,
      "ci_low": 66544.875,
      "ci_high": 91740.75
    },
    "P(Sanchez > LA)": 1.0
  },
  "sampler": {
    "draws": 500,
    "tune": 500,
    "chains": 2,
    "likelihood": "BetaBinomial (con overdispersion kappa)",
    "rhat_max_sanchez": 1.03,
    "rhat_max_la": 1.02,
    "kappa_mean_sanchez": 56.86222471394395,
    "kappa_mean_la": 170.1555099219993,
    "tiempo_segundos": 274.4
  },
  "econometria": {
    "covariables": [
      "altitud_km_z",
      "idh_z",
      "pobreza_z",
      "log_densidad_z",
      "vuln_alim_z"
    ],
    "beta_2021": {
      "Sanchez": {
        "mediana": -0.06401703670454587,
        "ci_low": -0.11080784992703546,
        "ci_high": -0.020823212766005475,
        "sign_cert": 0.999
      },
      "LA": {
        "mediana": 0.34261033861904516,
        "ci_low": 0.28631660969032763,
        "ci_high": 0.40008796329282464,
        "sign_cert": 1.0
      }
    },
    "gamma": {
      "Sanchez": {
        "altitud_km_z": {
          "mediana": 0.006463989771004807,
          "ci_low": -0.03853679122332483,
          "ci_high": 0.047752288650938175,
          "sign_cert": 0.604
        },
        "idh_z": {
          "mediana": -0.1287522008086176,
          "ci_low": -0.2054978219916269,
          "ci_high": -0.05775908222462059,
          "sign_cert": 0.999
        },
        "pobreza_z": {
          "mediana": 0.22111167925196876,
          "ci_low": 0.1662580645661094,
          "ci_high": 0.2806333182172487,
          "sign_cert": 1.0
        },
        "log_densidad_z": {
          "mediana": -0.09093430545832223,
          "ci_low": -0.12586960560439656,
          "ci_high": -0.053366645707035164,
          "sign_cert": 1.0
        },
        "vuln_alim_z": {
          "mediana": 0.2920353279824115,
          "ci_low": 0.20756760713650593,
          "ci_high": 0.37151135214339637,
          "sign_cert": 1.0
        }
      },
      "LA": {
        "altitud_km_z": {
          "mediana": -0.06983039432227295,
          "ci_low": -0.10962435753678806,
          "ci_high": -0.03320367548457844,
          "sign_cert": 1.0
        },
        "idh_z": {
          "mediana": 0.18278995735692638,
          "ci_low": 0.11140436729906239,
          "ci_high": 0.25367793922290066,
          "sign_cert": 1.0
        },
        "pobreza_z": {
          "mediana": -0.19805359457851465,
          "ci_low": -0.25899090305280004,
          "ci_high": -0.1383131200541647,
          "sign_cert": 1.0
        },
        "log_densidad_z": {
          "mediana": 0.09862157387368722,
          "ci_low": 0.06990087545327989,
          "ci_high": 0.12531185719361512,
          "sign_cert": 1.0
        },
        "vuln_alim_z": {
          "mediana": 0.11640732126439156,
          "ci_low": 0.03414734726514972,
          "ci_high": 0.19131128254137256,
          "sign_cert": 0.997
        }
      }
    }
  }
}