{
  "modelo": "pymc_binomial_jerarquico",
  "timestamp": "2026-04-19T01:54:34+00:00",
  "snapshot_panel": "district_panel.csv",
  "n_distritos_usados": 1871,
  "votos_contados_Sanchez": 1876210,
  "votos_contados_LA": 1821393,
  "votos_pendientes_estimados": 913618,
  "votos_pend_normal": 0,
  "votos_pend_jee": 913618,
  "jee_total_nacional": 5262,
  "jee_por_departamento": {
    "LIMA": 1406,
    "PIURA": 428,
    "LORETO": 416,
    "LA LIBERTAD": 382,
    "ÁNCASH": 257,
    "CAJAMARCA": 240,
    "ICA": 228,
    "HUÁNUCO": 212,
    "UCAYALI": 184,
    "JUNÍN": 171
  },
  "jee_taxonomia": {
    "error": "'float' object has no attribute 'lower'"
  },
  "prediccion": {
    "Sanchez": {
      "candidato": "Sanchez",
      "media": 1993802.872,
      "mediana": 1993079.5,
      "ci_low": 1966887.725,
      "ci_high": 2025029.95
    },
    "LA": {
      "candidato": "LA",
      "media": 1912629.09,
      "mediana": 1911693.5,
      "ci_low": 1889146.0,
      "ci_high": 1940888.375
    },
    "diferencia_Sanchez_minus_LA": {
      "mediana": 80942.5,
      "ci_low": 73804.275,
      "ci_high": 89018.375
    },
    "P(Sanchez > LA)": 1.0
  },
  "sampler": {
    "draws": 500,
    "tune": 500,
    "chains": 2,
    "likelihood": "BetaBinomial (con overdispersion kappa)",
    "rhat_max_sanchez": 1.09,
    "rhat_max_la": 1.0,
    "kappa_mean_sanchez": 58.65362497902298,
    "kappa_mean_la": 169.7036149335763,
    "tiempo_segundos": 182.1
  },
  "econometria": {
    "covariables": [
      "altitud_km_z",
      "idh_z",
      "pobreza_z",
      "log_densidad_z",
      "vuln_alim_z"
    ],
    "beta_2021": {
      "Sanchez": {
        "mediana": -0.06612127020143904,
        "ci_low": -0.10932168259970547,
        "ci_high": -0.018321895685451037,
        "sign_cert": 0.996
      },
      "LA": {
        "mediana": 0.34087468087612327,
        "ci_low": 0.28722491447562015,
        "ci_high": 0.39908972518792857,
        "sign_cert": 1.0
      }
    },
    "gamma": {
      "Sanchez": {
        "altitud_km_z": {
          "mediana": 0.007938138160063467,
          "ci_low": -0.035641222519436924,
          "ci_high": 0.050355341054325736,
          "sign_cert": 0.639
        },
        "idh_z": {
          "mediana": -0.12823274776002405,
          "ci_low": -0.19597773738693627,
          "ci_high": -0.05756395787852056,
          "sign_cert": 0.999
        },
        "pobreza_z": {
          "mediana": 0.2222115854916296,
          "ci_low": 0.16493515970351447,
          "ci_high": 0.27493745927620195,
          "sign_cert": 1.0
        },
        "log_densidad_z": {
          "mediana": -0.09016378059114172,
          "ci_low": -0.12810834157479478,
          "ci_high": -0.05681121968702442,
          "sign_cert": 1.0
        },
        "vuln_alim_z": {
          "mediana": 0.29201191935961474,
          "ci_low": 0.2131801649737203,
          "ci_high": 0.37177995320708107,
          "sign_cert": 1.0
        }
      },
      "LA": {
        "altitud_km_z": {
          "mediana": -0.07146126999272046,
          "ci_low": -0.11180151907708877,
          "ci_high": -0.02898595367750995,
          "sign_cert": 0.999
        },
        "idh_z": {
          "mediana": 0.1803979790174851,
          "ci_low": 0.11349150658087585,
          "ci_high": 0.245640012338175,
          "sign_cert": 1.0
        },
        "pobreza_z": {
          "mediana": -0.19827665171251474,
          "ci_low": -0.25971491006285946,
          "ci_high": -0.14599359008188362,
          "sign_cert": 1.0
        },
        "log_densidad_z": {
          "mediana": 0.0988895661872845,
          "ci_low": 0.07029481895553752,
          "ci_high": 0.12691636776038945,
          "sign_cert": 1.0
        },
        "vuln_alim_z": {
          "mediana": 0.11209302531856045,
          "ci_low": 0.03741309717163999,
          "ci_high": 0.18891275023102863,
          "sign_cert": 1.0
        }
      }
    }
  }
}