{
  "modelo": "pymc_binomial_jerarquico",
  "timestamp": "2026-04-18T09:23:19+00:00",
  "snapshot_panel": "district_panel.csv",
  "n_distritos_usados": 1871,
  "votos_contados_Sanchez": 1876210,
  "votos_contados_LA": 1821393,
  "votos_pendientes_estimados": 913618,
  "votos_pend_normal": 0,
  "votos_pend_jee": 913618,
  "jee_total_nacional": 5262,
  "jee_por_departamento": {
    "LIMA": 1406,
    "PIURA": 428,
    "LORETO": 416,
    "LA LIBERTAD": 382,
    "ÁNCASH": 257,
    "CAJAMARCA": 240,
    "ICA": 228,
    "HUÁNUCO": 212,
    "UCAYALI": 184,
    "JUNÍN": 171
  },
  "prediccion": {
    "Sanchez": {
      "candidato": "Sanchez",
      "media": 1995861.686,
      "mediana": 1994668.5,
      "ci_low": 1967871.625,
      "ci_high": 2026953.2
    },
    "LA": {
      "candidato": "LA",
      "media": 1916989.269,
      "mediana": 1916207.0,
      "ci_low": 1891236.35,
      "ci_high": 1946575.025
    },
    "diferencia_Sanchez_minus_LA": {
      "mediana": 78976.0,
      "ci_low": 66818.875,
      "ci_high": 90102.59999999999
    },
    "P(Sanchez > LA)": 1.0
  },
  "sampler": {
    "draws": 500,
    "tune": 500,
    "chains": 2,
    "likelihood": "BetaBinomial (con overdispersion kappa)",
    "rhat_max_sanchez": 1.03,
    "rhat_max_la": 1.01,
    "kappa_mean_sanchez": 57.45119119383476,
    "kappa_mean_la": 169.6261990139902,
    "tiempo_segundos": 244.8
  },
  "econometria": {
    "covariables": [
      "altitud_km_z",
      "idh_z",
      "pobreza_z",
      "log_densidad_z",
      "vuln_alim_z"
    ],
    "beta_2021": {
      "Sanchez": {
        "mediana": -0.06761482064885199,
        "ci_low": -0.11231150489134133,
        "ci_high": -0.016985133365971697,
        "sign_cert": 0.998
      },
      "LA": {
        "mediana": 0.3426700024618282,
        "ci_low": 0.2839425599861076,
        "ci_high": 0.3988016399998788,
        "sign_cert": 1.0
      }
    },
    "gamma": {
      "Sanchez": {
        "altitud_km_z": {
          "mediana": 0.00791049237332547,
          "ci_low": -0.03523726511548399,
          "ci_high": 0.053580924283303064,
          "sign_cert": 0.644
        },
        "idh_z": {
          "mediana": -0.1337004735628995,
          "ci_low": -0.19650321962677805,
          "ci_high": -0.06050559532721049,
          "sign_cert": 1.0
        },
        "pobreza_z": {
          "mediana": 0.22135266860160874,
          "ci_low": 0.17162356046247723,
          "ci_high": 0.27312048280092854,
          "sign_cert": 1.0
        },
        "log_densidad_z": {
          "mediana": -0.09173943609622232,
          "ci_low": -0.1277751700753836,
          "ci_high": -0.05340870270585382,
          "sign_cert": 1.0
        },
        "vuln_alim_z": {
          "mediana": 0.28642914984119,
          "ci_low": 0.21569438074081115,
          "ci_high": 0.3674882123258549,
          "sign_cert": 1.0
        }
      },
      "LA": {
        "altitud_km_z": {
          "mediana": -0.0722484759072185,
          "ci_low": -0.11304235734847552,
          "ci_high": -0.035362493980424674,
          "sign_cert": 1.0
        },
        "idh_z": {
          "mediana": 0.18361061584767485,
          "ci_low": 0.11572900250789746,
          "ci_high": 0.24957506937434226,
          "sign_cert": 1.0
        },
        "pobreza_z": {
          "mediana": -0.1992124603825294,
          "ci_low": -0.2561771123872843,
          "ci_high": -0.1406710162890429,
          "sign_cert": 1.0
        },
        "log_densidad_z": {
          "mediana": 0.09988311067576781,
          "ci_low": 0.07330172094162178,
          "ci_high": 0.12713608549629302,
          "sign_cert": 1.0
        },
        "vuln_alim_z": {
          "mediana": 0.11447011434094592,
          "ci_low": 0.03794910177146337,
          "ci_high": 0.19059227959508476,
          "sign_cert": 0.998
        }
      }
    }
  }
}