{
  "modelo": "pymc_binomial_jerarquico",
  "timestamp": "2026-04-18T10:22:39+00:00",
  "snapshot_panel": "district_panel.csv",
  "n_distritos_usados": 1871,
  "votos_contados_Sanchez": 1876210,
  "votos_contados_LA": 1821393,
  "votos_pendientes_estimados": 913618,
  "votos_pend_normal": 0,
  "votos_pend_jee": 913618,
  "jee_total_nacional": 5262,
  "jee_por_departamento": {
    "LIMA": 1406,
    "PIURA": 428,
    "LORETO": 416,
    "LA LIBERTAD": 382,
    "ÁNCASH": 257,
    "CAJAMARCA": 240,
    "ICA": 228,
    "HUÁNUCO": 212,
    "UCAYALI": 184,
    "JUNÍN": 171
  },
  "prediccion": {
    "Sanchez": {
      "candidato": "Sanchez",
      "media": 1995903.649,
      "mediana": 1995445.0,
      "ci_low": 1967554.35,
      "ci_high": 2026765.05
    },
    "LA": {
      "candidato": "LA",
      "media": 1917032.812,
      "mediana": 1916414.0,
      "ci_low": 1892661.9,
      "ci_high": 1946570.45
    },
    "diferencia_Sanchez_minus_LA": {
      "mediana": 78898.5,
      "ci_low": 67110.325,
      "ci_high": 90340.4
    },
    "P(Sanchez > LA)": 1.0
  },
  "sampler": {
    "draws": 500,
    "tune": 500,
    "chains": 2,
    "likelihood": "BetaBinomial (con overdispersion kappa)",
    "rhat_max_sanchez": 1.08,
    "rhat_max_la": 1.02,
    "kappa_mean_sanchez": 57.52828399963505,
    "kappa_mean_la": 169.8144589855873,
    "tiempo_segundos": 286.7
  },
  "econometria": {
    "covariables": [
      "altitud_km_z",
      "idh_z",
      "pobreza_z",
      "log_densidad_z",
      "vuln_alim_z"
    ],
    "beta_2021": {
      "Sanchez": {
        "mediana": -0.06442216583946042,
        "ci_low": -0.1110713744753176,
        "ci_high": -0.022839253339493402,
        "sign_cert": 0.999
      },
      "LA": {
        "mediana": 0.34140739952725163,
        "ci_low": 0.2852217865527991,
        "ci_high": 0.4029073198330913,
        "sign_cert": 1.0
      }
    },
    "gamma": {
      "Sanchez": {
        "altitud_km_z": {
          "mediana": 0.00768423758312687,
          "ci_low": -0.03658532878934566,
          "ci_high": 0.050590851365472124,
          "sign_cert": 0.617
        },
        "idh_z": {
          "mediana": -0.1303111756442088,
          "ci_low": -0.20417861110631744,
          "ci_high": -0.059149614370988195,
          "sign_cert": 1.0
        },
        "pobreza_z": {
          "mediana": 0.21896732432091148,
          "ci_low": 0.16741901204255638,
          "ci_high": 0.2736542868189084,
          "sign_cert": 1.0
        },
        "log_densidad_z": {
          "mediana": -0.08976418056409446,
          "ci_low": -0.1285591083696136,
          "ci_high": -0.052306665981511374,
          "sign_cert": 1.0
        },
        "vuln_alim_z": {
          "mediana": 0.29082763639118875,
          "ci_low": 0.20876026655086888,
          "ci_high": 0.3679188032465461,
          "sign_cert": 1.0
        }
      },
      "LA": {
        "altitud_km_z": {
          "mediana": -0.07111964319868655,
          "ci_low": -0.11143317007093444,
          "ci_high": -0.03149418729890213,
          "sign_cert": 0.999
        },
        "idh_z": {
          "mediana": 0.18241519934632877,
          "ci_low": 0.11526005081350735,
          "ci_high": 0.2521492407669979,
          "sign_cert": 1.0
        },
        "pobreza_z": {
          "mediana": -0.1995577989667851,
          "ci_low": -0.2601300056338742,
          "ci_high": -0.1427383239506333,
          "sign_cert": 1.0
        },
        "log_densidad_z": {
          "mediana": 0.09997732806014048,
          "ci_low": 0.07173311804529639,
          "ci_high": 0.12711627936623826,
          "sign_cert": 1.0
        },
        "vuln_alim_z": {
          "mediana": 0.11440633267095751,
          "ci_low": 0.043554290578134855,
          "ci_high": 0.19137084569765098,
          "sign_cert": 0.998
        }
      }
    }
  }
}